{
  "accuracy": 0.7761333333333333,
  "f1": 0.2859876674463109,
  "precision": 0.18173219835157411,
  "recall": 0.6708229426433915,
  "roc_auc": 0.802106129568025,
  "average_precision": 0.32349794436470114,
  "precision_at_1000": 0.484,
  "lift_at_1000": 7.241895261845387,
  "precision_at_5000": 0.235,
  "lift_at_5000": 3.516209476309227
}